cm,0,1,2,3,4,5,6,7,8,9,10,11,12,13,14,15,16,17,18,19,20,21,22,23
2023-01,100.0,21.4,7.1,,7.1,14.3,14.3,14.3,28.6,35.7,21.4,14.3,14.3,7.1,28.6,21.4,7.1,7.1,7.1,7.1,21.4,7.1,28.6,7.1
2023-02,100.0,15.4,17.9,20.5,17.9,15.4,28.2,15.4,20.5,23.1,28.2,7.7,15.4,17.9,17.9,15.4,10.3,33.3,10.3,25.6,20.5,35.9,15.4,
2023-03,100.0,16.7,26.9,15.4,17.9,25.6,24.4,21.8,24.4,34.6,16.7,16.7,14.1,10.3,17.9,12.8,19.2,14.1,21.8,25.6,24.4,14.1,,
2023-04,100.0,21.1,11.9,12.8,26.6,11.0,31.2,28.4,28.4,18.3,11.0,13.8,23.9,16.5,11.9,18.3,19.3,13.8,20.2,32.1,15.6,,,
2023-05,100.0,12.9,16.3,19.7,18.4,34.0,26.5,25.9,21.8,10.9,18.4,17.0,16.3,13.6,13.6,16.3,21.8,23.8,27.2,24.5,,,,
2023-06,100.0,17.8,14.4,16.4,27.4,23.3,30.8,17.1,15.8,21.2,15.1,18.5,15.1,15.1,19.2,15.1,21.9,24.7,27.4,,,,,
2023-07,100.0,19.3,24.1,20.5,24.1,21.7,19.9,15.7,18.1,17.5,16.9,16.9,22.3,22.3,27.1,23.5,30.1,25.3,,,,,,
2023-08,100.0,23.6,21.8,27.0,20.1,11.5,14.9,14.9,13.8,16.1,13.2,12.6,20.1,22.4,24.7,28.7,20.1,,,,,,,
2023-09,100.0,27.4,30.0,19.6,16.1,16.5,17.0,13.5,22.2,20.9,20.9,20.4,19.1,26.5,26.5,28.3,,,,,,,,
2023-10,100.0,26.6,23.5,18.9,13.9,15.8,18.6,22.0,18.6,17.3,21.7,20.1,25.4,26.0,24.5,,,,,,,,,
2023-11,100.0,23.9,13.5,13.8,18.2,17.8,20.5,18.2,22.9,20.2,23.9,27.3,20.2,26.9,,,,,,,,,,
2023-12,100.0,18.0,17.2,23.4,14.8,21.3,21.3,19.3,20.9,24.6,27.5,31.6,27.5,,,,,,,,,,,
2024-01,100.0,21.3,20.7,21.3,29.3,22.4,17.2,19.5,22.4,31.6,31.0,23.6,,,,,,,,,,,,
2024-02,100.0,17.0,22.0,21.5,20.5,17.0,23.0,28.0,33.5,35.5,30.5,,,,,,,,,,,,,
2024-03,100.0,24.5,23.3,26.5,20.6,27.2,29.2,38.9,36.6,30.4,,,,,,,,,,,,,,
2024-04,100.0,28.5,27.6,23.2,27.6,26.0,36.6,39.8,36.6,,,,,,,,,,,,,,,
2024-05,100.0,27.2,23.8,30.7,33.0,36.4,39.5,31.0,,,,,,,,,,,,,,,,
2024-06,100.0,27.1,33.2,35.4,36.8,43.7,39.7,,,,,,,,,,,,,,,,,
2024-07,100.0,31.7,28.1,35.7,39.0,35.3,,,,,,,,,,,,,,,,,,
2024-08,100.0,25.5,35.3,33.8,31.4,,,,,,,,,,,,,,,,,,,
2024-09,100.0,23.7,30.2,24.9,,,,,,,,,,,,,,,,,,,,
2024-10,100.0,28.3,21.7,,,,,,,,,,,,,,,,,,,,,
2024-11,100.0,20.2,,,,,,,,,,,,,,,,,,,,,,
2024-12,100.0,,,,,,,,,,,,,,,,,,,,,,,
