month,revenue,orders,aov,mom_growth_pct
2023-01,373346.0,16,23334.0,
2023-02,747992.0,45,16622.0,100.3
2023-03,1920220.0,94,20428.0,156.7
2023-04,2756184.0,139,19829.0,43.5
2023-05,4064743.0,223,18228.0,47.5
2023-06,4662058.0,228,20448.0,14.7
2023-07,5326179.0,277,19228.0,14.2
2023-08,6518540.0,356,18311.0,22.4
2023-09,9090018.0,468,19423.0,39.4
2023-10,13637479.0,728,18733.0,50.0
2023-11,15392444.0,807,19074.0,12.9
2023-12,14991660.0,793,18905.0,-2.6
2024-01,10890854.0,552,19730.0,-27.4
2024-02,11809794.0,601,19650.0,8.4
2024-03,15261708.0,778,19617.0,29.2
2024-04,15568076.0,831,18734.0,2.0
2024-05,19812601.0,1019,19443.0,27.3
2024-06,19142468.0,1073,17840.0,-3.4
2024-07,19873092.0,1077,18452.0,3.8
2024-08,24784353.0,1305,18992.0,24.7
2024-09,25380018.0,1389,18272.0,2.4
2024-10,34101959.0,1821,18727.0,34.4
2024-11,36377397.0,1956,18598.0,6.7
2024-12,29681550.0,1626,18254.0,-18.4
