product_id,product_name,category,unit_price
1,Electronics-1,Electronics,9210.83
2,Electronics-2,Electronics,3287.94
3,Electronics-3,Electronics,8110.06
4,Electronics-4,Electronics,20322.29
5,Electronics-5,Electronics,12742.2
6,Electronics-6,Electronics,4952.06
7,Electronics-7,Electronics,8365.7
8,Electronics-8,Electronics,23876.67
9,Electronics-9,Electronics,11253.37
10,Electronics-10,Electronics,11486.7
11,Fashion-11,Fashion,866.36
12,Fashion-12,Fashion,1426.85
13,Fashion-13,Fashion,3314.34
14,Fashion-14,Fashion,3208.94
15,Fashion-15,Fashion,1911.35
16,Fashion-16,Fashion,3606.51
17,Fashion-17,Fashion,1706.96
18,Fashion-18,Fashion,3498.02
19,Fashion-19,Fashion,416.79
20,Fashion-20,Fashion,1584.75
21,Home-21,Home,6876.78
22,Home-22,Home,7235.15
23,Home-23,Home,6112.29
24,Home-24,Home,5441.46
25,Home-25,Home,6570.16
26,Home-26,Home,5733.58
27,Home-27,Home,2220.21
28,Home-28,Home,3863.34
29,Home-29,Home,5370.46
30,Home-30,Home,4805.47
31,Beauty-31,Beauty,2229.98
32,Beauty-32,Beauty,1263.53
33,Beauty-33,Beauty,568.27
34,Beauty-34,Beauty,654.27
35,Beauty-35,Beauty,2138.23
36,Beauty-36,Beauty,170.49
37,Beauty-37,Beauty,2192.46
38,Beauty-38,Beauty,280.63
39,Beauty-39,Beauty,1070.4
40,Beauty-40,Beauty,2030.41
41,Grocery-41,Grocery,518.76
42,Grocery-42,Grocery,995.7
43,Grocery-43,Grocery,165.34
44,Grocery-44,Grocery,638.27
45,Grocery-45,Grocery,719.85
46,Grocery-46,Grocery,1074.5
47,Grocery-47,Grocery,157.66
48,Grocery-48,Grocery,439.39
49,Grocery-49,Grocery,808.25
50,Grocery-50,Grocery,1176.92
51,Sports-51,Sports,7695.16
52,Sports-52,Sports,7679.86
53,Sports-53,Sports,4847.77
54,Sports-54,Sports,5252.97
55,Sports-55,Sports,7783.79
56,Sports-56,Sports,7878.78
57,Sports-57,Sports,7299.56
58,Sports-58,Sports,7439.71
59,Sports-59,Sports,7964.82
60,Sports-60,Sports,1378.52
